RANK,AGENCY
412,Grok
3907,Intermarkets
4373,Direct Agents
4542,Media Prowler
999,Inspira Marketing
3534,Beck Ag
279,SET
2257,Gatesman+Dave
3037,VHMnetwork
4802,Next Marketing
916,L2TMedia
4927,Premium Productions
1758,T.O.P. Marketing Group
3709,KNOCK
1086,Yashi
4174,Joseph David Advertising
704,Citizen
4404,Commotion Promotions
2457,rEvolution
2151,206
3138,Eview 360
689,Underground Elephant
1314,Edvisors
1058,DoublePositive
3895,Mercury Promotions & Fulfillment
68,33Across
2076,React2Media
2751,Quality Logo Products
4204,Client Command
1800,MD Connect
4150,Proforma Graphic Services
3268,InkHead
1942,Pure Marketing Group
2454,Infutor Data Solutions
3076,Borgmeyer Marketing Group
370,Martini Media
3769,Freddie Georges Production Group
1174,Sub Rosa
3726,Location3 Media
4931,Nett Solutions
1624,AdSupply
4331,InReality
3945,Nexus Direct
3410,Funnel Design Group
456,Add3
843,Meers Advertising
4262,Taradel
7,Emerge Digital Group
1868,Force Marketing
3555,Sensis
3566,Stream Companies
4077,AMP Agency
2288,ClickMail Marketing
496,Largetail
1740,Main Event Merchandise Group
380,Seven Swords Media
2701,CreativeFeed
951,Tanis Communications
665,Murphy Turner Associates
1286,Madison Logic
3118,Wilson Perkins Allen Opinion Research
1470,All Terrain
1203,Trepoint
2402,Left Field Labs
4020,Red Door Interactive
568,Trueffect
3148,Tobe Direct
4190,Lessing-Flynn Advertising
3526,Envision Technology Marketing Group
4196,V12 Group
4518,ePromos Promotional Products
775,Rise Interactive
1492,Campus Special
3466,Skyline Exhibits of Central Ohio
4109,"Skyline Exhibits & Events (Dallas/Fort Worth, TX)"
703,Driven Local
1509,TriMark Digital
3443,Opus Events Agency
684,Interticket USA
3928,Foodmix Marketing Communications
972,Infinity Publishing Group
3807,IMG Business Solutions
2813,Taylor Creative
4760,Dial800
3334,HDS
4812,Makovsky
1350,Elite SEM
1003,Resolute Digital
555,Left Brain DGA
18,BlueKai
3232,Modus Associates
