0, activent marketing
1, advantage international
2, agencyea
3, all terrain
4, allied experiential
5, astound group
6, barkley kalpak agency
7, bmf media
8, bolt marketing group
9, bottlerocket marketing
10, broadstreet
11, c3 agency
12, cardenas marketing network
13, cramer
14, division black
15, driveshop
16, elemento l2
17, elite marketing group
18, emg3
19, engine shop
20, epsilon
21, event strategy group
22, eventage
23, eventive
24, eventnext
25, executive visions inc.
26, factory 360
27, fcbx
28, first protocol
29, fluent
30, freemanxp
31, fusion marketing
32, geometry global
33, george p. johnson
34, giant step marketing
35, global experience specialists (ges)
36, gmr marketing
37, go! experience design
38, grow marketing
39, havas impact
40, henry v
41, ignition
42, imagination
43, img live
44, infinity marketing team
45, infrared
46, inspira marketing group
47, invision communications
48, invnt
49, jack morton worldwide
50, kenwood experiences
51, kicking cow
52, kubik
53, legacy marketing
54, leo events
55, mac presents
56, magnetic collaborative
57, manifesto
58, manifold
59, the marketing arm
60, marketing factory
61, marketing werks
62, match marketing group
63, the michael alan group
64, mirrorball
65, mirrored media
66, mkg
67, mktg
68, moderne communications
69, momentum worldwide
70, mosaic
71, motive
72, mvp collaborative
73, na collective
74, ncompass
75, newbridge live
76, next marketing
77, nve
78, octagon
79, on board experiential
80, opus agency
81, performance marketing group
82, pgw experience
83, pop2life
84, proscenium
85, redpeg marketing
86, revel
87, revolution
88, set
89, soho experiential
90, sparks
91, superfly
92, switch
93, synergy
94, the taylor group
95, touch worldwide
96, track marketing group
97, united entertainment group
98, the visionary group
99, wasserman
