INDEX,TAGS,URL,COMPANY-NAME
0,all guerrilla-street-programs mobile-tours sponsorship-activation , http://www.eventmarketer.com/company/activent-marketing/, ACTIVENT MARKETING
1,all b-to-b-meetingsevents mobile-tours sponsorship-activation , http://www.eventmarketer.com/company/advantage-international/, ADVANTAGE INTERNATIONAL
2,all b-to-b-meetingsevents internal-employee-events sales-conferencesmeetings , http://www.eventmarketer.com/company/agencyea/, AGENCYEA
3,all buzz-influencer-programs mobile-tours sponsorship-activation , http://www.eventmarketer.com/company/all-terrain/, ALL TERRAIN
4,all mobile-tours pr-events pop-up-stores , http://www.eventmarketer.com/company/allied-experiential/, ALLIED EXPERIENTIAL
5,all launch-events mobile-tours trade-shows , http://www.eventmarketer.com/company/astound-group/, ASTOUND GROUP
6,all b-to-b-meetingsevents launch-events sales-conferencesmeetings , http://www.eventmarketer.com/company/barkley-kalpak/, BARKLEY KALPAK AGENCY
7,all buzz-influencer-programs launch-events sponsorship-activation , http://www.eventmarketer.com/company/bmf-media/, BMF MEDIA
8,all guerrilla-street-programs mobile-tours sponsorship-activation , http://www.eventmarketer.com/company/bolt-marketing-group/, BOLT MARKETING GROUP
9,all mobile-tours pr-events sampling , http://www.eventmarketer.com/company/bottlerocket-marketing/, BOTTLEROCKET MARKETING
10,all b-to-b-meetingsevents internal-employee-events sales-conferencesmeetings , http://www.eventmarketer.com/company/broadstreet/, BROADSTREET
11,all buzz-influencer-programs launch-events pop-up-stores , http://www.eventmarketer.com/company/c3-agency/, C3 AGENCY
12,all retailtainment-events multicultural-events sponsorship-activation , http://www.eventmarketer.com/company/cardenas-marketing-network/, CARDENAS MARKETING NETWORK
13,all b-to-b-meetingsevents internal-employee-events sales-conferencesmeetings , http://www.eventmarketer.com/company/cramer/, CRAMER
14,all buzz-influencer-programs guerrilla-street-programs pr-events , http://www.eventmarketer.com/company/division-black/, DIVISION BLACK
15,all automotive-launches-and-personal-drive-experiences launch-events sponsorship-activation , http://www.eventmarketer.com/company/driveshop/, DRIVESHOP
16,all mobile-tours multicultural-events sponsorship-activation , http://www.eventmarketer.com/company/elemento-l2/, ELEMENTO L2
17,all guerrilla-street-programs mobile-tours sampling , http://www.eventmarketer.com/company/elite-exp/, ELITE MARKETING GROUP
18,all mobile-tours sampling sponsorship-activation , http://www.eventmarketer.com/company/emg3/, EMG3
19,all buzz-influencer-programs mobile-tours sponsorship-activation , http://www.eventmarketer.com/company/engine-shop/, ENGINE SHOP
20,all b-to-b-meetingsevents mobile-tours nightlife-marketing , http://www.eventmarketer.com/company/epsilon/, EPSILON
21,all b-to-b-meetingsevents launch-events worldwide-event-programs , http://www.eventmarketer.com/company/event-strategy-group/, EVENT STRATEGY GROUP
22,all b-to-b-meetingsevents launch-events pr-events , http://www.eventmarketer.com/company/eventage/, EVENTAGE
23,all mobile-tours sponsorship-activation trade-shows , http://www.eventmarketer.com/company/eventive-marketing/, EVENTIVE
24,all launch-events mobile-tours sampling , http://www.eventmarketer.com/company/eventnext/, EVENTNEXT
25,all b-to-b-meetingsevents launch-events worldwide-event-programs , http://www.eventmarketer.com/company/executive-visions/, EXECUTIVE VISIONS INC.
26,all pop-up-stores sampling sponsorship-activation , http://www.eventmarketer.com/company/factory-360/, FACTORY 360
27,all buzz-influencer-programs pr-events sponsorship-activation , http://www.eventmarketer.com/company/fcbx/, FCBX
28,all b-to-b-meetingsevents internal-employee-events sales-conferencesmeetings , http://www.eventmarketer.com/company/first-protocol/, FIRST PROTOCOL
29,all college-campus-marketing guerrilla-street-programs mobile-tours , http://www.eventmarketer.com/company/fluent/, FLUENT
30,all b-to-b-meetingsevents sales-conferencesmeetings trade-shows , http://www.eventmarketer.com/company/freemanxp/, FREEMANXP
31,all mobile-tours sampling sponsorship-activation , http://www.eventmarketer.com/company/fusion-marketing/, FUSION MARKETING
32,all buzz-influencer-programs retailtainment-events nightlife-marketing , http://www.eventmarketer.com/company/geometry-global/, GEOMETRY GLOBAL
33,all sponsorship-activation trade-shows worldwide-event-programs , http://www.eventmarketer.com/company/george-p-johnson/, GEORGE P. JOHNSON
34,all buzz-influencer-programs launch-events pop-up-stores , http://www.eventmarketer.com/company/giant-step-marketing/, GIANT STEP MARKETING
35,all b-to-b-meetingsevents trade-shows worldwide-event-programs , http://www.eventmarketer.com/company/global-experience-specialists/, GLOBAL EXPERIENCE SPECIALISTS (GES)
36,all nightlife-marketing sponsorship-activation worldwide-event-programs , http://www.eventmarketer.com/company/gmr-marketing/, GMR MARKETING
37,all launch-events press-events sales-conferencesmeetings , http://www.eventmarketer.com/company/goexperiencedesign/, GO! EXPERIENCE DESIGN
38,all b-to-b-meetingsevents mobile-tours pop-up-stores , http://www.eventmarketer.com/company/grow-marketing/, GROW MARKETING
39,all mobile-tours sampling sponsorship-activation , http://www.eventmarketer.com/company/havas-impact/, HAVAS IMPACT
40,all b-to-b-meetingsevents press-events , http://www.eventmarketer.com/company/henry-v/, HENRY V
41,all mobile-tours sponsorship-activation worldwide-event-programs , http://www.eventmarketer.com/company/ignition/, IGNITION
42,all b-to-b-meetingsevents trade-shows , http://www.eventmarketer.com/company/imagination/, IMAGINATION
43,all college-campus-marketing mobile-tours sponsorship-activation , http://www.eventmarketer.com/company/img-live/, IMG LIVE
44,all launch-events mobile-tours sponsorship-activation , http://www.eventmarketer.com/company/infinity-marketing-team/, INFINITY MARKETING TEAM
45,all b-to-b-meetingsevents incentive-travel sponsorship-activation , http://www.eventmarketer.com/company/infrared/, INFRARED
46,all mobile-tours nightlife-marketing pop-up-stores , http://www.eventmarketer.com/company/inspira/, INSPIRA MARKETING GROUP
47,all b-to-b-meetingsevents internal-employee-events sales-conferencesmeetings , http://www.eventmarketer.com/company/invision/, INVISION COMMUNICATIONS
48,all b-to-b-meetingsevents pr-events worldwide-event-programs , http://www.eventmarketer.com/company/invnt/, INVNT
49,all b-to-b-meetingsevents launch-events sponsorship-activation , http://www.eventmarketer.com/company/jack-morton-worldwide/, JACK MORTON WORLDWIDE
50,all b-to-b-meetingsevents developer-conferencesevents launch-events , http://www.eventmarketer.com/company/kenwood-experiences/, KENWOOD EXPERIENCES
51,all b-to-b-meetingsevents buzz-influencer-programs mobile-tours , http://www.eventmarketer.com/company/kicking-cow/, KICKING COW
52,all corporate-visitorexperience-centers trade-shows worldwide-event-programs , http://www.eventmarketer.com/company/kubik/, KUBIK
53,all buzz-influencer-programs mobile-tours nightlife-marketing , http://www.eventmarketer.com/company/legacy-marketing-partners/, LEGACY MARKETING
54,all b-to-b-meetingsevents sales-conferencesmeetings worldwide-event-programs , http://www.eventmarketer.com/company/leo-events/, LEO EVENTS
55,all b-to-b-meetingsevents buzz-influencer-programs sponsorship-activation , http://www.eventmarketer.com/company/mac-presents/, MAC PRESENTS
56,all b-to-b-meetingsevents launch-events pr-events , http://www.eventmarketer.com/company/magnetic-collaborative/, MAGNETIC COLLABORATIVE
57,all internal-employee-events launch-events worldwide-event-programs , http://www.eventmarketer.com/company/manifesto/, MANIFESTO
58,all buzz-influencer-programs developer-conferencesevents mobile-tours , http://www.eventmarketer.com/company/manifold/, MANIFOLD
59,all college-campus-marketing mobile-tours sponsorship-activation , http://www.eventmarketer.com/company/marketing-arm/, THE MARKETING ARM
60,all digitalsocial-program-creation internal-employee-events sponsorship-activation , http://www.eventmarketer.com/company/marketing-factory/, MARKETING FACTORY
61,all guerrilla-street-programs mobile-tours sponsorship-activation , http://www.eventmarketer.com/company/marketing-werks/, MARKETING WERKS
62,all automotive-launches-and-personal-drive-experiences buzz-influencer-programs sponsorship-activation , http://www.eventmarketer.com/company/match-action/, MATCH MARKETING GROUP
63,all b-to-b-meetingsevents mobile-tours press-events , http://www.eventmarketer.com/company/michael-alan-group/, THE MICHAEL ALAN GROUP
64,all launch-events pr-events sponsorship-activation , http://www.eventmarketer.com/company/mirrorball/, MIRRORBALL
65,all buzz-influencer-programs launch-events sponsorship-activation , http://www.eventmarketer.com/company/mirrored-media/, MIRRORED MEDIA
66,all pr-events pop-up-stores sponsorship-activation , http://www.eventmarketer.com/company/mkg/, MKG
67,all buzz-influencer-programs nightlife-marketing sponsorship-activation , http://www.eventmarketer.com/company/mktg-inc/, MKTG
68,all guerrilla-street-programs pr-events pop-up-stores , http://www.eventmarketer.com/company/moderne-communications/, MODERNE COMMUNICATIONS
69,all mobile-tours nightlife-marketing sponsorship-activation , http://www.eventmarketer.com/company/momentum-worldwide/, MOMENTUM WORLDWIDE
70,all guerrilla-street-programs launch-events nightlife-marketing , http://www.eventmarketer.com/company/mosaic/, MOSAIC
71,all college-campus-marketing events-for-content guerrilla-street-programs , http://www.eventmarketer.com/company/motive/, MOTIVE
72,all b-to-b-meetingsevents sales-conferencesmeetings sponsorship-activation , http://www.eventmarketer.com/company/mvp-collaborative/, MVP COLLABORATIVE
73,all b-to-b-meetingsevents launch-events press-events , http://www.eventmarketer.com/company/na-collective/, NA COLLECTIVE
74,all retailtainment-events launch-events sponsorship-activation , http://www.eventmarketer.com/company/ncompass-international/, NCOMPASS
75,all college-campus-marketing mobile-tours sampling , http://www.eventmarketer.com/company/newbridge-live/, NEWBRIDGE LIVE
76,all mobile-tours sampling sponsorship-activation , http://www.eventmarketer.com/company/next-marketing/, NEXT MARKETING
77,all buzz-influencer-programs developer-conferencesevents launch-events , http://www.eventmarketer.com/company/nve-experience-agency/, NVE
78,all mobile-tours sponsorship-activation worldwide-event-programs , http://www.eventmarketer.com/company/octagon/, OCTAGON
79,all b-to-b-meetingsevents mobile-tours sponsorship-activation , http://www.eventmarketer.com/company/onboard-experiential/, ON BOARD EXPERIENTIAL
80,all b-to-b-meetingsevents sponsorship-activation worldwide-event-programs , http://www.eventmarketer.com/company/opus-events-agency/, OPUS AGENCY
81,all b-to-b-meetingsevents sampling sponsorship-activation , http://www.eventmarketer.com/company/performance-marketing-group/, PERFORMANCE MARKETING GROUP
82,all guerrilla-street-programs mobile-tours sponsorship-activation , http://www.eventmarketer.com/company/pgw-experience/, PGW EXPERIENCE
83,all launch-events pr-events sponsorship-activation , http://www.eventmarketer.com/company/pop2life/, POP2LIFE
84,all b-to-b-meetingsevents internal-employee-events sales-conferencesmeetings , http://www.eventmarketer.com/company/proscenium-2/, PROSCENIUM
85,all mobile-tours sampling sponsorship-activation , http://www.eventmarketer.com/company/redpeg-marketing/, REDPEG MARKETING
86,all b-to-b-meetingsevents buzz-influencer-programs internal-employee-events , http://www.eventmarketer.com/company/revel-group/, REVEL
87,all mobile-tours sponsorship-activation sports-marketing , http://www.eventmarketer.com/company/revolution/, REVOLUTION
88,all retailtainment-events launch-events pop-up-stores , http://www.eventmarketer.com/company/set/, SET
89,all buzz-influencer-programs mobile-tours nightlife-marketing , http://www.eventmarketer.com/company/soho-experiential/, SOHO EXPERIENTIAL
90,all b-to-b-meetingsevents developer-conferencesevents trade-shows , http://www.eventmarketer.com/company/sparks/, SPARKS
91,all buzz-influencer-programs sponsorship-activation worldwide-event-programs , http://www.eventmarketer.com/company/superfly-marketing-group/, SUPERFLY
92,all b-to-b-meetingsevents mobile-tours sponsorship-activation , http://www.eventmarketer.com/company/switch/, SWITCH
93,all mobile-tours pr-events sponsorship-activation , http://www.eventmarketer.com/company/synergy-events/, SYNERGY
94,all b-to-b-meetingsevents developer-conferencesevents trade-shows , http://www.eventmarketer.com/company/taylor-group/, THE TAYLOR GROUP
95,all b-to-b-meetingsevents internal-employee-events press-events , http://www.eventmarketer.com/company/touch-worldwide/, TOUCH WORLDWIDE
96,all buzz-influencer-programs pr-events sponsorship-activation , http://www.eventmarketer.com/company/track-marketing-group/, TRACK MARKETING GROUP
97,all retailtainment-events launch-events pr-events , http://www.eventmarketer.com/company/united-entertainment-group/, UNITED ENTERTAINMENT GROUP
98,all b-to-b-meetingsevents buzz-influencer-programs launch-events , http://www.eventmarketer.com/company/visionary-group/, THE VISIONARY GROUP
99,all pr-events sponsorship-activation worldwide-event-programs , http://www.eventmarketer.com/company/wasserman/, WASSERMAN