,index,tags,url,company
0,0,all guerrilla-street-programs mobile-tours sponsorship-activation , http://www.eventmarketer.com/company/activent-marketing/, activent marketing
1,1,all b-to-b-meetingsevents mobile-tours sponsorship-activation , http://www.eventmarketer.com/company/advantage-international/, advantage international
2,2,all b-to-b-meetingsevents internal-employee-events sales-conferencesmeetings , http://www.eventmarketer.com/company/agencyea/, agencyea
3,3,all buzz-influencer-programs mobile-tours sponsorship-activation , http://www.eventmarketer.com/company/all-terrain/, all terrain
4,4,all mobile-tours pr-events pop-up-stores , http://www.eventmarketer.com/company/allied-experiential/, allied experiential
5,5,all launch-events mobile-tours trade-shows , http://www.eventmarketer.com/company/astound-group/, astound group
6,6,all b-to-b-meetingsevents launch-events sales-conferencesmeetings , http://www.eventmarketer.com/company/barkley-kalpak/, barkley kalpak agency
7,7,all buzz-influencer-programs launch-events sponsorship-activation , http://www.eventmarketer.com/company/bmf-media/, bmf media
8,8,all guerrilla-street-programs mobile-tours sponsorship-activation , http://www.eventmarketer.com/company/bolt-marketing-group/, bolt marketing group
9,9,all mobile-tours pr-events sampling , http://www.eventmarketer.com/company/bottlerocket-marketing/, bottlerocket marketing
10,10,all b-to-b-meetingsevents internal-employee-events sales-conferencesmeetings , http://www.eventmarketer.com/company/broadstreet/, broadstreet
11,11,all buzz-influencer-programs launch-events pop-up-stores , http://www.eventmarketer.com/company/c3-agency/, c3 agency
12,12,all retailtainment-events multicultural-events sponsorship-activation , http://www.eventmarketer.com/company/cardenas-marketing-network/, cardenas marketing network
13,13,all b-to-b-meetingsevents internal-employee-events sales-conferencesmeetings , http://www.eventmarketer.com/company/cramer/, cramer
14,14,all buzz-influencer-programs guerrilla-street-programs pr-events , http://www.eventmarketer.com/company/division-black/, division black
15,15,all automotive-launches-and-personal-drive-experiences launch-events sponsorship-activation , http://www.eventmarketer.com/company/driveshop/, driveshop
16,16,all mobile-tours multicultural-events sponsorship-activation , http://www.eventmarketer.com/company/elemento-l2/, elemento l2
17,17,all guerrilla-street-programs mobile-tours sampling , http://www.eventmarketer.com/company/elite-exp/, elite marketing group
18,18,all mobile-tours sampling sponsorship-activation , http://www.eventmarketer.com/company/emg3/, emg3
19,19,all buzz-influencer-programs mobile-tours sponsorship-activation , http://www.eventmarketer.com/company/engine-shop/, engine shop
20,20,all b-to-b-meetingsevents mobile-tours nightlife-marketing , http://www.eventmarketer.com/company/epsilon/, epsilon
21,21,all b-to-b-meetingsevents launch-events worldwide-event-programs , http://www.eventmarketer.com/company/event-strategy-group/, event strategy group
22,22,all b-to-b-meetingsevents launch-events pr-events , http://www.eventmarketer.com/company/eventage/, eventage
23,23,all mobile-tours sponsorship-activation trade-shows , http://www.eventmarketer.com/company/eventive-marketing/, eventive
24,24,all launch-events mobile-tours sampling , http://www.eventmarketer.com/company/eventnext/, eventnext
25,25,all b-to-b-meetingsevents launch-events worldwide-event-programs , http://www.eventmarketer.com/company/executive-visions/, executive visions inc.
26,26,all pop-up-stores sampling sponsorship-activation , http://www.eventmarketer.com/company/factory-360/, factory 360
27,27,all buzz-influencer-programs pr-events sponsorship-activation , http://www.eventmarketer.com/company/fcbx/, fcbx
28,28,all b-to-b-meetingsevents internal-employee-events sales-conferencesmeetings , http://www.eventmarketer.com/company/first-protocol/, first protocol
29,29,all college-campus-marketing guerrilla-street-programs mobile-tours , http://www.eventmarketer.com/company/fluent/, fluent
30,30,all b-to-b-meetingsevents sales-conferencesmeetings trade-shows , http://www.eventmarketer.com/company/freemanxp/, freemanxp
31,31,all mobile-tours sampling sponsorship-activation , http://www.eventmarketer.com/company/fusion-marketing/, fusion marketing
32,32,all buzz-influencer-programs retailtainment-events nightlife-marketing , http://www.eventmarketer.com/company/geometry-global/, geometry global
33,33,all sponsorship-activation trade-shows worldwide-event-programs , http://www.eventmarketer.com/company/george-p-johnson/, george p. johnson
34,34,all buzz-influencer-programs launch-events pop-up-stores , http://www.eventmarketer.com/company/giant-step-marketing/, giant step marketing
35,35,all b-to-b-meetingsevents trade-shows worldwide-event-programs , http://www.eventmarketer.com/company/global-experience-specialists/, global experience specialists (ges)
36,36,all nightlife-marketing sponsorship-activation worldwide-event-programs , http://www.eventmarketer.com/company/gmr-marketing/, gmr marketing
37,37,all launch-events press-events sales-conferencesmeetings , http://www.eventmarketer.com/company/goexperiencedesign/, go! experience design
38,38,all b-to-b-meetingsevents mobile-tours pop-up-stores , http://www.eventmarketer.com/company/grow-marketing/, grow marketing
39,39,all mobile-tours sampling sponsorship-activation , http://www.eventmarketer.com/company/havas-impact/, havas impact
40,40,all b-to-b-meetingsevents press-events , http://www.eventmarketer.com/company/henry-v/, henry v
41,41,all mobile-tours sponsorship-activation worldwide-event-programs , http://www.eventmarketer.com/company/ignition/, ignition
42,42,all b-to-b-meetingsevents trade-shows , http://www.eventmarketer.com/company/imagination/, imagination
43,43,all college-campus-marketing mobile-tours sponsorship-activation , http://www.eventmarketer.com/company/img-live/, img live
44,44,all launch-events mobile-tours sponsorship-activation , http://www.eventmarketer.com/company/infinity-marketing-team/, infinity marketing team
45,45,all b-to-b-meetingsevents incentive-travel sponsorship-activation , http://www.eventmarketer.com/company/infrared/, infrared
46,46,all mobile-tours nightlife-marketing pop-up-stores , http://www.eventmarketer.com/company/inspira/, inspira marketing group
47,47,all b-to-b-meetingsevents internal-employee-events sales-conferencesmeetings , http://www.eventmarketer.com/company/invision/, invision communications
48,48,all b-to-b-meetingsevents pr-events worldwide-event-programs , http://www.eventmarketer.com/company/invnt/, invnt
49,49,all b-to-b-meetingsevents launch-events sponsorship-activation , http://www.eventmarketer.com/company/jack-morton-worldwide/, jack morton worldwide
50,50,all b-to-b-meetingsevents developer-conferencesevents launch-events , http://www.eventmarketer.com/company/kenwood-experiences/, kenwood experiences
51,51,all b-to-b-meetingsevents buzz-influencer-programs mobile-tours , http://www.eventmarketer.com/company/kicking-cow/, kicking cow
52,52,all corporate-visitorexperience-centers trade-shows worldwide-event-programs , http://www.eventmarketer.com/company/kubik/, kubik
53,53,all buzz-influencer-programs mobile-tours nightlife-marketing , http://www.eventmarketer.com/company/legacy-marketing-partners/, legacy marketing
54,54,all b-to-b-meetingsevents sales-conferencesmeetings worldwide-event-programs , http://www.eventmarketer.com/company/leo-events/, leo events
55,55,all b-to-b-meetingsevents buzz-influencer-programs sponsorship-activation , http://www.eventmarketer.com/company/mac-presents/, mac presents
56,56,all b-to-b-meetingsevents launch-events pr-events , http://www.eventmarketer.com/company/magnetic-collaborative/, magnetic collaborative
57,57,all internal-employee-events launch-events worldwide-event-programs , http://www.eventmarketer.com/company/manifesto/, manifesto
58,58,all buzz-influencer-programs developer-conferencesevents mobile-tours , http://www.eventmarketer.com/company/manifold/, manifold
59,59,all college-campus-marketing mobile-tours sponsorship-activation , http://www.eventmarketer.com/company/marketing-arm/, the marketing arm
60,60,all digitalsocial-program-creation internal-employee-events sponsorship-activation , http://www.eventmarketer.com/company/marketing-factory/, marketing factory
61,61,all guerrilla-street-programs mobile-tours sponsorship-activation , http://www.eventmarketer.com/company/marketing-werks/, marketing werks
62,62,all automotive-launches-and-personal-drive-experiences buzz-influencer-programs sponsorship-activation , http://www.eventmarketer.com/company/match-action/, match marketing group
63,63,all b-to-b-meetingsevents mobile-tours press-events , http://www.eventmarketer.com/company/michael-alan-group/, the michael alan group
64,64,all launch-events pr-events sponsorship-activation , http://www.eventmarketer.com/company/mirrorball/, mirrorball
65,65,all buzz-influencer-programs launch-events sponsorship-activation , http://www.eventmarketer.com/company/mirrored-media/, mirrored media
66,66,all pr-events pop-up-stores sponsorship-activation , http://www.eventmarketer.com/company/mkg/, mkg
67,67,all buzz-influencer-programs nightlife-marketing sponsorship-activation , http://www.eventmarketer.com/company/mktg-inc/, mktg
68,68,all guerrilla-street-programs pr-events pop-up-stores , http://www.eventmarketer.com/company/moderne-communications/, moderne communications
69,69,all mobile-tours nightlife-marketing sponsorship-activation , http://www.eventmarketer.com/company/momentum-worldwide/, momentum worldwide
70,70,all guerrilla-street-programs launch-events nightlife-marketing , http://www.eventmarketer.com/company/mosaic/, mosaic
71,71,all college-campus-marketing events-for-content guerrilla-street-programs , http://www.eventmarketer.com/company/motive/, motive
72,72,all b-to-b-meetingsevents sales-conferencesmeetings sponsorship-activation , http://www.eventmarketer.com/company/mvp-collaborative/, mvp collaborative
73,73,all b-to-b-meetingsevents launch-events press-events , http://www.eventmarketer.com/company/na-collective/, na collective
74,74,all retailtainment-events launch-events sponsorship-activation , http://www.eventmarketer.com/company/ncompass-international/, ncompass
75,75,all college-campus-marketing mobile-tours sampling , http://www.eventmarketer.com/company/newbridge-live/, newbridge live
76,76,all mobile-tours sampling sponsorship-activation , http://www.eventmarketer.com/company/next-marketing/, next marketing
77,77,all buzz-influencer-programs developer-conferencesevents launch-events , http://www.eventmarketer.com/company/nve-experience-agency/, nve
78,78,all mobile-tours sponsorship-activation worldwide-event-programs , http://www.eventmarketer.com/company/octagon/, octagon
79,79,all b-to-b-meetingsevents mobile-tours sponsorship-activation , http://www.eventmarketer.com/company/onboard-experiential/, on board experiential
80,80,all b-to-b-meetingsevents sponsorship-activation worldwide-event-programs , http://www.eventmarketer.com/company/opus-events-agency/, opus agency
81,81,all b-to-b-meetingsevents sampling sponsorship-activation , http://www.eventmarketer.com/company/performance-marketing-group/, performance marketing group
82,82,all guerrilla-street-programs mobile-tours sponsorship-activation , http://www.eventmarketer.com/company/pgw-experience/, pgw experience
83,83,all launch-events pr-events sponsorship-activation , http://www.eventmarketer.com/company/pop2life/, pop2life
84,84,all b-to-b-meetingsevents internal-employee-events sales-conferencesmeetings , http://www.eventmarketer.com/company/proscenium-2/, proscenium
85,85,all mobile-tours sampling sponsorship-activation , http://www.eventmarketer.com/company/redpeg-marketing/, redpeg marketing
86,86,all b-to-b-meetingsevents buzz-influencer-programs internal-employee-events , http://www.eventmarketer.com/company/revel-group/, revel
87,87,all mobile-tours sponsorship-activation sports-marketing , http://www.eventmarketer.com/company/revolution/, revolution
88,88,all retailtainment-events launch-events pop-up-stores , http://www.eventmarketer.com/company/set/, set
89,89,all buzz-influencer-programs mobile-tours nightlife-marketing , http://www.eventmarketer.com/company/soho-experiential/, soho experiential
90,90,all b-to-b-meetingsevents developer-conferencesevents trade-shows , http://www.eventmarketer.com/company/sparks/, sparks
91,91,all buzz-influencer-programs sponsorship-activation worldwide-event-programs , http://www.eventmarketer.com/company/superfly-marketing-group/, superfly
92,92,all b-to-b-meetingsevents mobile-tours sponsorship-activation , http://www.eventmarketer.com/company/switch/, switch
93,93,all mobile-tours pr-events sponsorship-activation , http://www.eventmarketer.com/company/synergy-events/, synergy
94,94,all b-to-b-meetingsevents developer-conferencesevents trade-shows , http://www.eventmarketer.com/company/taylor-group/, the taylor group
95,95,all b-to-b-meetingsevents internal-employee-events press-events , http://www.eventmarketer.com/company/touch-worldwide/, touch worldwide
96,96,all buzz-influencer-programs pr-events sponsorship-activation , http://www.eventmarketer.com/company/track-marketing-group/, track marketing group
97,97,all retailtainment-events launch-events pr-events , http://www.eventmarketer.com/company/united-entertainment-group/, united entertainment group
98,98,all b-to-b-meetingsevents buzz-influencer-programs launch-events , http://www.eventmarketer.com/company/visionary-group/, the visionary group
99,99,all pr-events sponsorship-activation worldwide-event-programs , http://www.eventmarketer.com/company/wasserman/, wasserman
