COMPANY,TAGS
ACTIVENT MARKETING,all guerrilla-street-programs mobile-tours sponsorship-activation
ADVANTAGE INTERNATIONAL,all b-to-b-meetingsevents mobile-tours sponsorship-activation
AGENCYEA,all b-to-b-meetingsevents internal-employee-events sales-conferencesmeetings
ALL TERRAIN,all buzz-influencer-programs mobile-tours sponsorship-activation
ALLIED EXPERIENTIAL,all mobile-tours pr-events pop-up-stores
ASTOUND GROUP,all launch-events mobile-tours trade-shows
BARKLEY KALPAK AGENCY,all b-to-b-meetingsevents launch-events sales-conferencesmeetings
BMF MEDIA,all buzz-influencer-programs launch-events sponsorship-activation
BOLT MARKETING GROUP,all guerrilla-street-programs mobile-tours sponsorship-activation
BOTTLEROCKET MARKETING,all mobile-tours pr-events sampling
BROADSTREET,all b-to-b-meetingsevents internal-employee-events sales-conferencesmeetings
C3 AGENCY,all buzz-influencer-programs launch-events pop-up-stores
CARDENAS MARKETING NETWORK,all retailtainment-events multicultural-events sponsorship-activation
CRAMER,all b-to-b-meetingsevents internal-employee-events sales-conferencesmeetings
DIVISION BLACK,all buzz-influencer-programs guerrilla-street-programs pr-events
DRIVESHOP,all automotive-launches-and-personal-drive-experiences launch-events sponsorship-activation
ELEMENTO L2,all mobile-tours multicultural-events sponsorship-activation
ELITE MARKETING GROUP,all guerrilla-street-programs mobile-tours sampling
EMG3,all mobile-tours sampling sponsorship-activation
ENGINE SHOP,all buzz-influencer-programs mobile-tours sponsorship-activation
EPSILON,all b-to-b-meetingsevents mobile-tours nightlife-marketing
EVENT STRATEGY GROUP,all b-to-b-meetingsevents launch-events worldwide-event-programs
EVENTAGE,all b-to-b-meetingsevents launch-events pr-events
EVENTIVE,all mobile-tours sponsorship-activation trade-shows
EVENTNEXT,all launch-events mobile-tours sampling
EXECUTIVE VISIONS INC.,all b-to-b-meetingsevents launch-events worldwide-event-programs
FACTORY 360,all pop-up-stores sampling sponsorship-activation
FCBX,all buzz-influencer-programs pr-events sponsorship-activation
FIRST PROTOCOL,all b-to-b-meetingsevents internal-employee-events sales-conferencesmeetings
FLUENT,all college-campus-marketing guerrilla-street-programs mobile-tours
FREEMANXP,all b-to-b-meetingsevents sales-conferencesmeetings trade-shows
FUSION MARKETING,all mobile-tours sampling sponsorship-activation
GEOMETRY GLOBAL,all buzz-influencer-programs retailtainment-events nightlife-marketing
GEORGE P. JOHNSON,all sponsorship-activation trade-shows worldwide-event-programs
GIANT STEP MARKETING,all buzz-influencer-programs launch-events pop-up-stores
GLOBAL EXPERIENCE SPECIALISTS (GES),all b-to-b-meetingsevents trade-shows worldwide-event-programs
GMR MARKETING,all nightlife-marketing sponsorship-activation worldwide-event-programs
GO! EXPERIENCE DESIGN,all launch-events press-events sales-conferencesmeetings
GROW MARKETING,all b-to-b-meetingsevents mobile-tours pop-up-stores
HAVAS IMPACT,all mobile-tours sampling sponsorship-activation
HENRY V,all b-to-b-meetingsevents press-events
IGNITION,all mobile-tours sponsorship-activation worldwide-event-programs
IMAGINATION,all b-to-b-meetingsevents trade-shows
IMG LIVE,all college-campus-marketing mobile-tours sponsorship-activation
INFINITY MARKETING TEAM,all launch-events mobile-tours sponsorship-activation
INFRARED,all b-to-b-meetingsevents incentive-travel sponsorship-activation
INSPIRA MARKETING GROUP,all mobile-tours nightlife-marketing pop-up-stores
INVISION COMMUNICATIONS,all b-to-b-meetingsevents internal-employee-events sales-conferencesmeetings
INVNT,all b-to-b-meetingsevents pr-events worldwide-event-programs
JACK MORTON WORLDWIDE,all b-to-b-meetingsevents launch-events sponsorship-activation
KENWOOD EXPERIENCES,all b-to-b-meetingsevents developer-conferencesevents launch-events
KICKING COW,all b-to-b-meetingsevents buzz-influencer-programs mobile-tours
KUBIK,all corporate-visitorexperience-centers trade-shows worldwide-event-programs
LEGACY MARKETING,all buzz-influencer-programs mobile-tours nightlife-marketing
LEO EVENTS,all b-to-b-meetingsevents sales-conferencesmeetings worldwide-event-programs
MAC PRESENTS,all b-to-b-meetingsevents buzz-influencer-programs sponsorship-activation
MAGNETIC COLLABORATIVE,all b-to-b-meetingsevents launch-events pr-events
MANIFESTO,all internal-employee-events launch-events worldwide-event-programs
MANIFOLD,all buzz-influencer-programs developer-conferencesevents mobile-tours
THE MARKETING ARM,all college-campus-marketing mobile-tours sponsorship-activation
MARKETING FACTORY,all digitalsocial-program-creation internal-employee-events sponsorship-activation
MARKETING WERKS,all guerrilla-street-programs mobile-tours sponsorship-activation
MATCH MARKETING GROUP,all automotive-launches-and-personal-drive-experiences buzz-influencer-programs sponsorship-activation
THE MICHAEL ALAN GROUP,all b-to-b-meetingsevents mobile-tours press-events
MIRRORBALL,all launch-events pr-events sponsorship-activation
MIRRORED MEDIA,all buzz-influencer-programs launch-events sponsorship-activation
MKG,all pr-events pop-up-stores sponsorship-activation
MKTG,all buzz-influencer-programs nightlife-marketing sponsorship-activation
MODERNE COMMUNICATIONS,all guerrilla-street-programs pr-events pop-up-stores
MOMENTUM WORLDWIDE,all mobile-tours nightlife-marketing sponsorship-activation
MOSAIC,all guerrilla-street-programs launch-events nightlife-marketing
MOTIVE,all college-campus-marketing events-for-content guerrilla-street-programs
MVP COLLABORATIVE,all b-to-b-meetingsevents sales-conferencesmeetings sponsorship-activation
NA COLLECTIVE,all b-to-b-meetingsevents launch-events press-events
NCOMPASS,all retailtainment-events launch-events sponsorship-activation
NEWBRIDGE LIVE,all college-campus-marketing mobile-tours sampling
NEXT MARKETING,all mobile-tours sampling sponsorship-activation
NVE,all buzz-influencer-programs developer-conferencesevents launch-events
OCTAGON,all mobile-tours sponsorship-activation worldwide-event-programs
ON BOARD EXPERIENTIAL,all b-to-b-meetingsevents mobile-tours sponsorship-activation
OPUS AGENCY,all b-to-b-meetingsevents sponsorship-activation worldwide-event-programs
PERFORMANCE MARKETING GROUP,all b-to-b-meetingsevents sampling sponsorship-activation
PGW EXPERIENCE,all guerrilla-street-programs mobile-tours sponsorship-activation
POP2LIFE,all launch-events pr-events sponsorship-activation
PROSCENIUM,all b-to-b-meetingsevents internal-employee-events sales-conferencesmeetings
REDPEG MARKETING,all mobile-tours sampling sponsorship-activation
REVEL,all b-to-b-meetingsevents buzz-influencer-programs internal-employee-events
REVOLUTION,all mobile-tours sponsorship-activation sports-marketing
SET,all retailtainment-events launch-events pop-up-stores
SOHO EXPERIENTIAL,all buzz-influencer-programs mobile-tours nightlife-marketing
SPARKS,all b-to-b-meetingsevents developer-conferencesevents trade-shows
SUPERFLY,all buzz-influencer-programs sponsorship-activation worldwide-event-programs
SWITCH,all b-to-b-meetingsevents mobile-tours sponsorship-activation
SYNERGY,all mobile-tours pr-events sponsorship-activation
THE TAYLOR GROUP,all b-to-b-meetingsevents developer-conferencesevents trade-shows
TOUCH WORLDWIDE,all b-to-b-meetingsevents internal-employee-events press-events
TRACK MARKETING GROUP,all buzz-influencer-programs pr-events sponsorship-activation
UNITED ENTERTAINMENT GROUP,all retailtainment-events launch-events pr-events
THE VISIONARY GROUP,all b-to-b-meetingsevents buzz-influencer-programs launch-events
WASSERMAN,all pr-events sponsorship-activation worldwide-event-programs