201,movable ink
329,signpost
346,influenster
393,core and more technologies
424,convertmedia
430,kepler group
434,prolific interactive
495,advantages
507,wondersauce
509,contently
652,collins
732,revimedia
792,bridge
849,vertamedia
876,engine shop
970,adgate media
1346,bitly
1351,delve partners
1359,dxagency
1437,precise leads
1524,social media link
1721,fake love
1767,vector media group
1988,cmds
1999,team epiphany
2036,moderne communications
2188,factory 360
2585,reach marketing
2916,shespeaks
3081,pride products distributors
3242,ready set rocket
3430,mediabrix
3450,phoenix media group
3518,the luminations group
3996,pearl media
4050,v12 group
4296,prosek partners
4451,sullivan
4488,primary wave media
4989,blue ocean pharma
