,Profile Image URL
1047,http://pbs.twimg.com/profile_images/614846169466933249/8jd7fkOa_normal.png
1048,http://pbs.twimg.com/profile_images/525065533733883904/ORJFq3yw_normal.jpeg
1049,http://pbs.twimg.com/profile_images/616097619685736448/lj9gPHUw_normal.jpg
1050,http://pbs.twimg.com/profile_images/514531731592851457/YxJ2iAwP_normal.jpeg
1051,http://pbs.twimg.com/profile_images/589144254271721472/Ju6ZMxKx_normal.jpg
1052,http://pbs.twimg.com/profile_images/572799931421716480/hrYN72IW_normal.jpeg
1053,http://pbs.twimg.com/profile_images/574326867974430720/m7vDsXPr_normal.jpeg
1054,http://pbs.twimg.com/profile_images/590565529070477314/lEumk0bU_normal.jpg
1055,http://pbs.twimg.com/profile_images/596380045708382208/OBFLhvRe_normal.jpg
1056,http://pbs.twimg.com/profile_images/565538274337255424/n2es2vaP_normal.jpeg
1057,http://pbs.twimg.com/profile_images/468503073455755264/qZecP466_normal.jpeg
1058,http://pbs.twimg.com/profile_images/530425699652210688/OqyeGaPV_normal.png
1059,http://pbs.twimg.com/profile_images/523101615528505345/S8ZjwMuv_normal.jpeg
1060,http://pbs.twimg.com/profile_images/587682782597398528/9HSXtwYv_normal.jpg
1061,http://pbs.twimg.com/profile_images/563287716444372992/-RtfzK2f_normal.png
1062,http://pbs.twimg.com/profile_images/595692876434173952/sXgEcdD6_normal.jpg
1063,http://pbs.twimg.com/profile_images/586240634513559552/utNg0ZEn_normal.png
1064,http://pbs.twimg.com/profile_images/624333428280938497/TNYH27KM_normal.png
1065,http://pbs.twimg.com/profile_images/582929287214297088/7rYzd5Rd_normal.jpg
1066,http://pbs.twimg.com/profile_images/3761482759/c7b8089b1279edc5249c552c132cf667_normal.jpeg
1067,http://pbs.twimg.com/profile_images/595963944398761984/j2_0I13e_normal.png
1068,http://pbs.twimg.com/profile_images/625364394101190656/F5m_Rn2v_normal.jpg
1069,http://pbs.twimg.com/profile_images/589817962724392960/MrmVtWsP_normal.jpg
1070,http://pbs.twimg.com/profile_images/462137231478517760/kixuHNZn_normal.jpeg
1071,http://pbs.twimg.com/profile_images/600217336474284032/HJFFnlqi_normal.jpg
1072,http://pbs.twimg.com/profile_images/441306829948084224/ivosVFkC_normal.jpeg
1073,http://pbs.twimg.com/profile_images/580124698102501376/77vQOpX4_normal.png
1074,http://pbs.twimg.com/profile_images/530052035198992384/j8CkNkci_normal.png
1075,http://pbs.twimg.com/profile_images/523038331320295424/UjXMUoWA_normal.jpeg
1076,http://pbs.twimg.com/profile_images/576478621872730112/NKnrKWds_normal.jpeg
1077,http://pbs.twimg.com/profile_images/548768889732358144/Z--8NAuL_normal.jpeg
1078,http://pbs.twimg.com/profile_images/565220974795042817/7c5NVkbj_normal.jpeg
1079,http://pbs.twimg.com/profile_images/378800000627087685/17b6902a71a170832c74073179b8da90_normal.png
1080,http://pbs.twimg.com/profile_images/595816503162834946/5Tul7O3Q_normal.jpg
1081,http://pbs.twimg.com/profile_images/608661932699025409/ITd1Kwm4_normal.jpg
1082,http://pbs.twimg.com/profile_images/559839683597697024/rVpmtdJ-_normal.png
1083,http://pbs.twimg.com/profile_images/514041550591262720/KsR7Lzxh_normal.jpeg
1084,http://pbs.twimg.com/profile_images/532621167119446016/1fWQI2xl_normal.jpeg
1085,http://pbs.twimg.com/profile_images/529596104443039745/gvncwc0Z_normal.jpeg
1086,http://pbs.twimg.com/profile_images/601978841473552384/XjO-x29F_normal.jpg
1087,http://pbs.twimg.com/profile_images/1654037836/bradsa2_normal.jpg
1088,http://pbs.twimg.com/profile_images/595966036878299136/RuWcxiqb_normal.png
1089,http://pbs.twimg.com/profile_images/543054417126117376/wpczrkV3_normal.jpeg
1090,http://pbs.twimg.com/profile_images/378800000539971377/ed326f5e7d977c39c858bf7bb1e9163f_normal.jpeg
1091,http://pbs.twimg.com/profile_images/587804298865610752/qS62nlYW_normal.jpg
1092,http://pbs.twimg.com/profile_images/3687296940/a5d686cf8b67c31e59b5d5b7ef26c67b_normal.png
1093,http://pbs.twimg.com/profile_images/552572075022364672/uwobxl7P_normal.png
1094,http://pbs.twimg.com/profile_images/516407810687397889/T1QZ-_cK_normal.png
1095,http://pbs.twimg.com/profile_images/614100900408393728/BbtL7n9Q_normal.jpg
1096,http://pbs.twimg.com/profile_images/529617182053777408/gFvcR87Q_normal.jpeg
1097,http://pbs.twimg.com/profile_images/575270990889947137/-bNs2CJX_normal.jpeg
1098,http://pbs.twimg.com/profile_images/2181653213/Jeff_normal.JPG
1099,http://pbs.twimg.com/profile_images/603308798804033537/xzp6B8Qe_normal.jpg
1100,http://pbs.twimg.com/profile_images/3669285110/145360d9f98964dec2fe2b4cef489d30_normal.jpeg
1101,http://pbs.twimg.com/profile_images/595965446098006016/CKh2iSPz_normal.png
1102,http://pbs.twimg.com/profile_images/601969962970980352/uy4Zh2e5_normal.jpg
1103,http://pbs.twimg.com/profile_images/602343235818688512/YY5gkLyL_normal.jpg
1104,http://pbs.twimg.com/profile_images/575694628285874177/RzZY4tBk_normal.jpeg
1105,http://pbs.twimg.com/profile_images/540555074674503680/fGsWQ0KQ_normal.jpeg
1106,http://pbs.twimg.com/profile_images/437852055097470976/-pz7WSma_normal.jpeg
1107,http://pbs.twimg.com/profile_images/378800000858511432/IvSFWp4E_normal.jpeg
1108,http://pbs.twimg.com/profile_images/609093294916706304/a41mAuLx_normal.jpg
1109,http://pbs.twimg.com/profile_images/573918291846033408/okuNr5jS_normal.jpeg
1110,http://pbs.twimg.com/profile_images/459958673935056896/DbTT0eFh_normal.png
1111,http://pbs.twimg.com/profile_images/533179211779809281/p1eGCCvz_normal.jpeg
1112,http://pbs.twimg.com/profile_images/526407785311793152/xBuXbCn6_normal.jpeg
1113,http://pbs.twimg.com/profile_images/523511928170094592/se1WEBvI_normal.jpeg
1114,http://pbs.twimg.com/profile_images/520367669569396736/KX4E6swe_normal.jpeg
1115,http://pbs.twimg.com/profile_images/378800000838277720/b6b3c55a4bd1216ff5ab93924a566f94_normal.jpeg
1116,http://pbs.twimg.com/profile_images/568417416242159616/U2sybORV_normal.jpeg
1117,http://pbs.twimg.com/profile_images/601963252222799872/NXi43eHh_normal.jpg
1118,http://pbs.twimg.com/profile_images/574670699639402496/Kxy8Hrth_normal.jpeg
1119,http://pbs.twimg.com/profile_images/571038776684605440/FGE3oTYE_normal.png
1120,http://pbs.twimg.com/profile_images/502247818480713730/GQRCS3ba_normal.png
1121,http://pbs.twimg.com/profile_images/504588768351768576/wRb2ZyoZ_normal.jpeg
1122,http://pbs.twimg.com/profile_images/573357935956381697/uWUiqJOX_normal.png
1123,http://pbs.twimg.com/profile_images/595966392769249281/p6cS0lYc_normal.png
1124,http://pbs.twimg.com/profile_images/527188148955009024/bT5HADoV_normal.jpeg
1125,http://pbs.twimg.com/profile_images/574627424073224192/f2FbNiuW_normal.jpeg
1126,http://pbs.twimg.com/profile_images/524223241796087808/GStZ9_RE_normal.jpeg
1127,http://pbs.twimg.com/profile_images/571754703038320640/H4lgusEJ_normal.png
1128,http://pbs.twimg.com/profile_images/433029126811684864/i87O_lgA_normal.jpeg
1129,http://pbs.twimg.com/profile_images/533396225886679041/UdaKdTz3_normal.jpeg
1130,http://pbs.twimg.com/profile_images/596334123008012288/U0jjbbu4_normal.png
1131,http://pbs.twimg.com/profile_images/440555900298727424/DkViCLHN_normal.png
1132,http://pbs.twimg.com/profile_images/593936499437076481/0QwOY7QI_normal.jpg
1133,http://pbs.twimg.com/profile_images/430458713975959553/7adPNE3h_normal.png
1134,http://pbs.twimg.com/profile_images/440918858002464768/lVWqt60X_normal.jpeg
1135,http://pbs.twimg.com/profile_images/601903374133428225/6zzLthWi_normal.jpg
1136,http://pbs.twimg.com/profile_images/555061879911882752/Gyw0cDPq_normal.jpeg
1137,http://pbs.twimg.com/profile_images/601741529284087809/4SxceCG3_normal.jpg
1138,http://pbs.twimg.com/profile_images/602576441893646336/q3nRN2Vk_normal.jpg
1139,http://pbs.twimg.com/profile_images/552896449797562369/coojZrTh_normal.jpeg
1140,http://pbs.twimg.com/profile_images/378800000629414935/81640b76f092d1a0bcf93e2ef7cd9dce_normal.png
1141,http://pbs.twimg.com/profile_images/530229151949524993/dCzXAgAP_normal.jpeg
1142,http://pbs.twimg.com/profile_images/606230336242999297/5Jvv89Wf_normal.jpg
1143,http://pbs.twimg.com/profile_images/585035245881262080/L7MXF4xo_normal.jpg
1144,http://pbs.twimg.com/profile_images/522749604249341952/2aHfyFLU_normal.jpeg
1145,http://pbs.twimg.com/profile_images/602493204290621441/LF4o_OeK_normal.jpg
1146,http://pbs.twimg.com/profile_images/581829583659356160/_o7odkec_normal.jpg
1147,http://pbs.twimg.com/profile_images/596107700599017472/mbgBgKkO_normal.jpg
1148,http://pbs.twimg.com/profile_images/378800000585543993/b111819e4defe0c88443ae8a7cb442ce_normal.jpeg
1149,http://pbs.twimg.com/profile_images/574868149910290433/qqi2u7GR_normal.jpeg
1150,http://pbs.twimg.com/profile_images/378800000571710557/9032c074b9b275185a8c0e8a100fda59_normal.jpeg
1151,http://pbs.twimg.com/profile_images/602269549631840258/XuGUbyWu_normal.jpg
1152,http://pbs.twimg.com/profile_images/516674362607280128/a0cvDDv4_normal.jpeg
1153,http://pbs.twimg.com/profile_images/598810695010942976/9klRY9UV_normal.jpg
1154,http://pbs.twimg.com/profile_images/532461180783046656/zrlFhbM8_normal.png
1155,http://pbs.twimg.com/profile_images/552133490976641024/mp4KXesh_normal.jpeg
1156,http://pbs.twimg.com/profile_images/601621294967205888/hmpcr6xy_normal.jpg
1157,http://pbs.twimg.com/profile_images/608842055012339712/Kdf5fdAW_normal.jpg
1158,http://pbs.twimg.com/profile_images/593142587181010944/zWX6J3B__normal.png
1159,http://pbs.twimg.com/profile_images/597341226312933377/ul6fwOAy_normal.jpg
1160,http://pbs.twimg.com/profile_images/1409789274/MGatPetrovka_normal.jpg
1161,http://pbs.twimg.com/profile_images/576729190847811584/w5kenqTW_normal.jpeg
1162,http://pbs.twimg.com/profile_images/572799988422295552/fO0R3Vct_normal.jpeg
1163,http://pbs.twimg.com/profile_images/531775395071131648/BbesQeTQ_normal.jpeg
1164,http://pbs.twimg.com/profile_images/589586670552420353/rj6FmeYB_normal.jpg
1165,http://pbs.twimg.com/profile_images/445068819057233920/N9Xo34Wu_normal.png
1166,http://pbs.twimg.com/profile_images/611630742146260992/SsTdlo4o_normal.jpg
1167,http://pbs.twimg.com/profile_images/499318452851441664/dGKnhOv9_normal.jpeg
1168,http://pbs.twimg.com/profile_images/433051571316719616/xEPZ_6jI_normal.jpeg
1169,http://pbs.twimg.com/profile_images/597673815783641088/2uzza71Y_normal.png
1170,http://pbs.twimg.com/profile_images/533232414584078336/bFOZ38om_normal.jpeg
1171,http://pbs.twimg.com/profile_images/455107272541089792/CT7vWjRS_normal.png
1172,http://pbs.twimg.com/profile_images/521689957950185472/5CGw1CRo_normal.jpeg
1173,http://pbs.twimg.com/profile_images/543147942522003456/ENETo_kf_normal.jpeg
1174,http://pbs.twimg.com/profile_images/589306570749693952/rkH8Q1-B_normal.jpg
1175,http://abs.twimg.com/sticky/default_profile_images/default_profile_0_normal.png
1176,http://pbs.twimg.com/profile_images/572223945711087616/I8Wyknug_normal.jpeg
1177,http://pbs.twimg.com/profile_images/378800000232160613/8076e90d7c9cf9f4055de8bfd1e951cf_normal.png
1178,http://pbs.twimg.com/profile_images/566301771560022018/Re2_zx3z_normal.jpeg
1179,http://pbs.twimg.com/profile_images/378800000766921848/eae9217dd25a5760788b09eaee4881ed_normal.jpeg
1180,http://pbs.twimg.com/profile_images/522073759776137216/KEHH1Jat_normal.jpeg
1181,http://pbs.twimg.com/profile_images/509478713642086401/fc8rHsz6_normal.jpeg
1182,http://pbs.twimg.com/profile_images/603371017583480832/y890ZRHV_normal.jpg
1183,http://pbs.twimg.com/profile_images/413246696811163648/Cwf1LtFQ_normal.jpeg
1184,http://pbs.twimg.com/profile_images/577965693586550785/0HdiIQ-B_normal.jpeg
1185,http://pbs.twimg.com/profile_images/532209257786003456/wpUOCAEi_normal.jpeg
1186,http://pbs.twimg.com/profile_images/482532046682603520/LMhGF4yC_normal.png
1187,http://pbs.twimg.com/profile_images/596333696510201857/FgB3Q7di_normal.png
1188,http://pbs.twimg.com/profile_images/601132274508111872/igx1DE1Z_normal.jpg
1189,http://pbs.twimg.com/profile_images/577533871450787840/M_J-3SSH_normal.jpeg
1190,http://pbs.twimg.com/profile_images/565003147890810880/AFgY8Vdb_normal.jpeg
1191,http://pbs.twimg.com/profile_images/427923503484895232/T2gN_EVh_normal.jpeg
1192,http://pbs.twimg.com/profile_images/575725099308859393/VlEtYp8L_normal.jpeg
1193,http://pbs.twimg.com/profile_images/603673886106918912/wT6xk736_normal.png
1194,http://pbs.twimg.com/profile_images/582830247030095872/Dd-0--sX_normal.jpg
1195,http://pbs.twimg.com/profile_images/378800000304413743/83d17bcb4af486da6cfd3db0e1ae3a76_normal.jpeg
1196,http://pbs.twimg.com/profile_images/378800000465292585/b21ff3015fa6c24b64f6f9ab7662fc61_normal.jpeg
1197,http://pbs.twimg.com/profile_images/459852503329157120/tqQsqeyK_normal.png
1198,http://pbs.twimg.com/profile_images/590890052059705344/bS6IeTbn_normal.png
1199,http://pbs.twimg.com/profile_images/580104696003620864/qiKGRDqK_normal.jpg
1200,http://pbs.twimg.com/profile_images/591798479204130816/Lew8fHLe_normal.jpg
1201,http://pbs.twimg.com/profile_images/564874602430480384/0wvErfzi_normal.jpeg
1202,http://pbs.twimg.com/profile_images/554754704815554560/OKmgZkYh_normal.jpeg
1203,http://pbs.twimg.com/profile_images/623985990739304448/dKdDpmtF_normal.jpg
1204,http://pbs.twimg.com/profile_images/514635383510806529/XZaWXw6g_normal.png
1205,http://pbs.twimg.com/profile_images/572547376796024832/t4C5pOcg_normal.jpeg
1206,http://pbs.twimg.com/profile_images/378800000395542658/92b5ca35a22299b07d1e2747a3b5b9e4_normal.jpeg
1207,http://pbs.twimg.com/profile_images/573922419955531777/_IcqaOZt_normal.png
1208,http://pbs.twimg.com/profile_images/529923920766312448/NIgqfIAE_normal.jpeg
1209,http://abs.twimg.com/sticky/default_profile_images/default_profile_3_normal.png
1210,http://pbs.twimg.com/profile_images/554892613594009602/m9tt-VO5_normal.jpeg
1211,http://pbs.twimg.com/profile_images/622083974513455104/8IXOrpiF_normal.jpg
1212,http://pbs.twimg.com/profile_images/598758701986643968/msiJeoKC_normal.jpg
1213,http://pbs.twimg.com/profile_images/451205320316973056/psz5fHNg_normal.jpeg
1214,http://pbs.twimg.com/profile_images/565765100988948481/h--yCUKQ_normal.jpeg
1215,http://pbs.twimg.com/profile_images/528049991386816513/Pp94nN5a_normal.jpeg
1216,http://abs.twimg.com/sticky/default_profile_images/default_profile_2_normal.png
1217,http://pbs.twimg.com/profile_images/496752835279597568/oueHxOb__normal.jpeg
1218,http://pbs.twimg.com/profile_images/518432199100477440/GErle2Fx_normal.png
1219,http://pbs.twimg.com/profile_images/579017261408628736/pzXLRlFY_normal.jpeg
1220,http://pbs.twimg.com/profile_images/596698331549724672/pQnsAFtM_normal.jpg
1221,http://abs.twimg.com/sticky/default_profile_images/default_profile_6_normal.png
1222,http://pbs.twimg.com/profile_images/561206604314320897/xMR6Wusw_normal.png
1223,http://pbs.twimg.com/profile_images/572705426295099392/xhdZ-UOb_normal.jpeg
1224,http://pbs.twimg.com/profile_images/3556952699/884c18b0500a7664fa6f21b49112a9c5_normal.jpeg
1225,http://pbs.twimg.com/profile_images/378800000416407952/398a4d243e8be42667756301395f18ce_normal.png
1226,http://pbs.twimg.com/profile_images/378800000420058120/0b0a08bbd0ac4260ac85d72145bfbf3b_normal.jpeg
1227,http://pbs.twimg.com/profile_images/522025980844466177/WUpqBPpt_normal.png
1228,http://pbs.twimg.com/profile_images/2637914665/84f0cee149ad465d1f70d615bcaabb70_normal.jpeg
1229,http://pbs.twimg.com/profile_images/554002193393934337/_QUIC7JS_normal.jpeg
1230,http://pbs.twimg.com/profile_images/585636421467303936/Gm2t2HGU_normal.jpg
1231,http://abs.twimg.com/sticky/default_profile_images/default_profile_6_normal.png
1232,http://pbs.twimg.com/profile_images/514845899881590784/i1xTHUSw_normal.png
1233,http://pbs.twimg.com/profile_images/567942409665794048/oPhwt4hi_normal.jpeg
1234,http://pbs.twimg.com/profile_images/573268272516243456/HnFv5gzh_normal.jpeg
1235,http://pbs.twimg.com/profile_images/582627852207550465/R9V-zGBU_normal.jpg
1236,http://pbs.twimg.com/profile_images/594215337307951105/ONjZImlJ_normal.png
1237,http://pbs.twimg.com/profile_images/378800000353613906/ed9f632b03e442e1dd830f0cb0ffafae_normal.jpeg
1238,http://pbs.twimg.com/profile_images/578760006176235520/YQ1Nepvj_normal.png
1239,http://pbs.twimg.com/profile_images/569875314428243968/HRYHu7Qs_normal.jpeg
1240,http://abs.twimg.com/sticky/default_profile_images/default_profile_1_normal.png
1241,http://pbs.twimg.com/profile_images/601157627737985024/vpKhZ6A6_normal.jpg
1242,http://pbs.twimg.com/profile_images/439146641694543872/4jfj3KKs_normal.jpeg
1243,http://pbs.twimg.com/profile_images/529453160734015489/v7lKm5cI_normal.jpeg
1244,http://abs.twimg.com/sticky/default_profile_images/default_profile_6_normal.png
1245,http://pbs.twimg.com/profile_images/614342391172984832/KdjNaokx_normal.jpg
1246,http://pbs.twimg.com/profile_images/557386363960438784/_yHNEyJN_normal.jpeg
